Size,BST/Insert,BST/Remove,BST/Search,DLL/Insert at the back,DLL/Insert at the front,DLL/Remove from the back,DLL/Remove from the front,DLL/Search,Hash Table/Insert,Hash Table/Remove,Hash Table/Search,SLL/Insert at the back,SLL/Insert at the front,SLL/Remove from the back,SLL/Remove from the front,SLL/Search,Vector/Insert at the back,Vector/Insert at the front,Vector/Remove from the back,Vector/Remove from the front,Vector/Search
250,76196,46447,8470,96058,230828,13529,8790,58036,316768,22038,8677,79283,45559,50645,9115,57114,62044,234505,8426,117905,56914
500,4995965,52780,9462,44337,64516,13215,8843,300892,50365,23094,6501,140567,39566,144912,9061,208421,58323,471872,7378,341523,157130
750,103269,5547790,9385,73696,33948,13216,8717,664956,52571,24198,6185,358103,38649,354349,8965,520651,60144,720863,6449,602296,262123
1000,78360,49697,10644,41687,35263,12624,9087,918299,49250,24664,6526,663536,38575,600476,8552,788451,41498,1225111,7372,840542,369733
1250,63089,38485,10855,38877,32916,12737,8538,1164727,57638,25031,6236,891679,36476,922535,9803,1258291,68424,1916854,6829,1078041,474950
1500,67881,37948,10588,47620,37661,12271,8809,1415657,51660,26606,8314,1100415,37575,1172810,9870,1351844,41952,1847007,7257,1341499,578956
1750,67309,38864,10646,39348,36389,13286,10388,1651778,51659,27574,7924,1313050,38434,1398263,9994,1542753,40500,2221826,6433,1888821,679502
2000,68943,40127,10634,40131,37847,12593,8957,1894064,51064,28085,8401,1501130,51085,1627494,9786,1733597,41206,2716026,6907,1843882,783649
2250,68941,40951,10930,39995,36788,12256,9103,2109613,51433,31829,8529,1942436,40933,1956236,9999,1930795,95542,3076301,6588,2029906,883019
2500,106262,41185,10919,40555,62429,13182,8631,2340052,70264,31334,8345,2074568,38033,2097486,9974,2219551,41618,3403159,8116,2270474,991760
2750,113072,41629,10770,40640,67305,12012,9123,2581741,50563,31518,7956,2275792,59180,2273796,10127,2401233,42411,4005576,8817,2500988,1110986
3000,78141,43051,10976,39133,36412,12621,10709,2883938,49267,31791,7904,2311426,43513,2475862,12047,2642414,39680,4372101,7403,2754018,1293635
3250,86842,42720,10965,39801,37312,14202,9534,3284757,50088,31853,8037,2532376,41084,2697873,11968,3766778,38847,4813735,6171,2995844,1566680
3500,81210,44358,11258,37824,39503,11997,10045,3414758,51269,33142,7884,2833119,40224,2917741,16501,3417334,40525,5205130,7120,3369987,1664744
3750,75628,43828,10866,38114,35497,12340,9874,3660413,50322,31441,7956,2968027,38673,3160729,16745,3398169,40799,6769679,6250,3575867,1511083
4000,74178,44532,10927,38096,56613,13018,12067,4004584,51704,31787,7948,3722633,38733,3388838,15799,3649366,40346,6656278,7567,3944231,1632505
4250,72557,45041,10929,39645,41161,12184,12405,4517109,54244,31197,7920,3547044,41481,3532485,17260,4001775,147314,7019735,8009,3931173,1733291
4500,72755,45305,11075,37405,36490,13071,12766,4717578,54736,34349,7913,3679242,40484,3780029,17529,5070368,38601,7386943,7543,4643164,1863889
4750,72839,45896,11109,37530,38558,12040,11498,4981326,57759,32979,7883,4151060,41382,4002173,18333,5022362,41898,7538474,8399,4442115,1974478
5000,72826,47157,10903,36681,36052,14091,12174,5327863,57169,31948,7892,4443456,38273,4163458,17187,5504940,39131,7927898,17440,4749426,2065848
5250,70850,47110,10967,37755,47340,12812,11503,5615560,123585,32160,7107,4251627,39771,4371317,14340,5962009,40064,8099027,7085,5118970,2163547
5500,73161,47840,10768,38014,40764,12736,12278,6341758,49756,33105,6304,4781671,41171,5327680,14735,6124736,39698,9251719,7737,5243940,2374771
5750,73506,47410,10833,36768,51104,11255,11892,6775854,47649,32636,6163,4719577,39683,6129177,17778,6561287,40047,9133144,7329,5416682,2353757
6000,75360,48076,10883,37830,38202,13569,12225,7546377,48591,33019,6220,5153654,39714,5972771,19080,6817919,39105,10019736,7505,5769233,2475214
6250,76950,49525,10926,35888,36512,13822,14131,8049699,51659,30621,6451,5220414,39815,6259707,18988,8287824,39361,10190319,7598,6258659,2714126
6500,76994,49306,11344,36434,35567,13297,11955,8830155,49542,32640,6239,5762816,38875,6228371,16700,8287724,37234,11181115,7023,6596727,2748009
6750,74078,49762,12808,56089,37091,12588,12649,9825120,51329,30765,6243,5580486,38705,6490999,16433,7454121,38844,12080850,7661,7033762,2750777
7000,75687,48935,12855,40479,37779,13605,11835,9705902,52031,34343,6166,6000622,38160,7563984,16230,8587102,39496,12716824,7199,6596013,3129420
7250,76641,49851,22365,37463,36013,11208,12922,10679408,52595,32270,6232,6470177,36550,6565119,17355,8701836,38249,13341516,7426,7548307,3030971
7500,74557,50460,13446,36641,35562,12107,13285,12812373,51673,34136,6203,7619210,36788,7169457,16520,9844613,35973,12914023,7354,7293709,3136193
7750,75021,51715,13961,38064,35030,13068,14584,13175738,53152,32874,6178,8537153,37802,7909602,17458,10572129,37574,12911755,7075,7999521,3438322
8000,73888,51713,14080,37631,35199,12636,13471,12808198,53839,31872,6241,7711061,38429,8026415,18785,9992905,37569,14803745,7359,8594047,3392731
8250,77073,52837,13796,37553,34387,12652,14007,13128048,53023,31870,6219,8185312,39349,8294392,17896,10731161,252615,15275360,7204,8714543,3553604
8500,75316,52754,13821,37723,33767,12298,14834,13985934,54657,30146,6261,8864457,37678,9037656,18555,11257224,41267,15504922,7250,9584490,3550431
8750,77854,53695,13703,35262,33243,11833,14636,15388450,54418,33852,6245,9451731,39682,9773038,18609,11694890,39309,15601706,6866,9170191,3822100
9000,78813,52165,13857,35806,33456,11609,13887,15626426,55967,32141,6218,10108732,38537,10913613,32029,12474150,40103,16172318,7557,9406128,4054764
9250,75423,53244,13162,34056,31521,11357,15039,15756388,84950,35302,6218,10316385,37496,12081946,18658,13553048,36766,16333314,7142,10112699,4118529
9500,76515,55245,13113,35908,32498,12253,14729,16144668,58989,30156,6159,10975124,39694,11013325,17488,13860248,39609,17350738,6950,10508041,4297782
9750,79503,54156,13465,37364,33631,13521,14571,18971120,56627,32697,6269,11065610,38639,11417239,19821,13927146,39538,16444915,7320,10281802,4298914
10000,79095,55228,13463,36306,34102,14000,15759,20485453,58328,32646,6242,11763037,41230,11555418,19721,14826534,37759,17224105,7864,11315462,4569331
10250,114795,55099,13108,35809,33263,13072,14595,19153157,58557,30988,6235,12439047,39775,13020120,19014,15984242,37940,18405422,7273,11666985,4790936
10500,90081,61047,13474,34401,32824,10966,13078,18842309,251468,33245,6256,12916858,38005,13690443,16899,17258820,36808,19436463,6831,12265443,4567106
10750,89802,63492,13143,34989,33866,12659,15745,20542454,51654,33951,32763,14413127,36040,13846041,18373,16761786,36732,20648533,7268,12215973,4499866
11000,87365,70971,13415,36492,35147,13845,15211,20620241,51877,34323,6234,14073077,38961,15066016,18708,17619483,37993,19637843,7367,12727075,4684882
11250,86127,140238,13215,35586,32903,11944,15864,22128604,51435,33941,6323,15106607,37833,16062779,19938,19994422,38763,21167595,7671,13205725,4919719
11500,84213,54248,13212,34718,33351,12853,15504,21642429,50462,32931,6172,15225838,36660,16611806,18068,18817905,36566,20508057,7163,12474297,5158559
11750,85405,56258,13396,34340,31245,12032,16393,22132268,51274,35014,6201,16513711,37362,17572782,18544,19566112,33597,22745068,6851,12113351,5270861
12000,87840,57070,13055,36471,33886,13438,18147,22305323,54407,33044,6166,17077741,38685,17805020,18126,21038656,38065,22646713,7696,13167763,5315302
12250,86897,57112,13395,33746,31559,13828,16685,24187233,53798,31464,6215,17778615,36397,17865932,18641,22095172,35402,22442592,7467,14668634,5406208
12500,89742,110091,13140,34068,33355,13250,15387,24562076,52649,29808,6258,18238101,37661,19171767,18405,21862795,34964,24634174,7643,15248053,5417993
12750,120073,68359,13440,35701,31951,13005,15409,25553929,54152,32458,6194,19445875,37324,20601144,18240,22364568,38363,24672884,7154,14572141,5539185
13000,97127,57121,13368,34490,32545,13068,18024,26344237,54026,32126,6187,20088591,37052,21379155,18436,23054690,36196,26336798,7279,15582895,5525409
13250,95782,56553,13340,34399,32252,12867,17245,26525476,53659,30091,6275,20092514,35518,21609865,17346,23554737,36166,26583326,6986,14365524,5914677
13500,96041,56709,13423,33598,33211,12136,16147,26654683,56794,32551,6162,20784103,36154,23379865,16610,25106899,35688,27932029,6772,16997363,5913353
13750,120889,57153,13510,34453,32333,12572,18194,26414745,53969,30271,6190,21145684,35588,22679027,17924,25821152,39685,26840954,6763,17958727,5899996
14000,96083,56639,13515,34107,33879,11841,17082,26123516,55649,32317,6168,21842994,37424,24302498,19092,24325905,36584,27905175,7881,18104772,6136623
14250,94900,60603,13560,32609,32917,13640,17220,27873563,54190,32779,6250,23167409,37139,26828015,20455,26145434,37658,29367426,7513,18706486,6049186
14500,92253,89536,13253,34447,33743,13201,17615,28209168,56370,31995,6185,23579649,35709,25563415,20682,27712860,36270,29389010,7057,20050828,6594473
14750,89405,59233,13139,33696,30628,12404,17569,31001157,54556,29854,6248,24459870,38124,27903286,20025,26663203,36061,28740419,7716,19361387,6901343
15000,92548,63521,13369,33955,33412,12818,15972,30907411,54802,30693,6173,25187993,39548,29425603,18687,26611453,36965,27263133,7302,20910296,6453722
15250,90679,88609,13509,33298,32493,12646,17596,31751479,54471,32959,6151,25815792,35866,29696924,20376,27642668,34205,28365242,7454,21596750,7534382
15500,89066,114712,13587,33415,32940,13055,17069,31250781,54640,30306,6176,26625103,36608,29430407,19964,28159526,37379,28496350,7333,22499462,7312554
15750,90485,91641,13403,32362,30324,12307,17527,30783769,53797,30883,6162,26562457,34830,29293294,21564,30367479,34003,28967865,6801,24454682,7270737
16000,89997,58481,13302,35695,34927,13075,16969,34454089,56088,30850,6206,27719186,37136,31140230,19707,28560373,37010,29850298,7055,27035490,6834798
16250,88945,58865,13231,36594,32144,12213,19393,35544790,54274,49953,6188,27976049,35569,33136638,23262,31094420,38288,33214476,7074,28297032,7085235
16500,89037,60443,13084,34504,32532,13134,31930,34423159,55202,31709,6371,28663280,36889,31992598,20145,30839616,461776,32640119,6754,28446735,7133533
16750,88491,61552,13608,35197,33052,14197,16266,33352169,56019,32318,6184,30825615,37390,32834216,19913,32418683,37455,34948857,7027,25417019,7119195
17000,90045,59626,14221,33363,33041,12485,15656,31554126,55702,29615,6217,31791153,36723,34162450,19311,30176984,36954,31814558,7151,32471799,7596744
17250,90242,61145,13129,33929,34102,12276,17427,33418355,54910,31465,6174,30444108,35478,35256333,21866,30775374,37990,38121261,7341,29002777,7351689
17500,89560,60910,13268,32524,34565,13479,16259,34506642,56379,30855,6163,30281781,37565,34841407,21064,31245810,37812,35233842,7297,32124340,7645546
17750,90534,60517,13355,34731,34160,12401,17011,37073817,53799,32142,6375,30594663,39284,34384152,19097,32003731,35521,36359539,7354,29953411,7532575
18000,87494,63584,13044,34577,33643,14363,16463,35631912,56364,32557,6226,31201220,38922,36211184,20345,31252384,35831,35604145,6822,34464177,8269891
18250,88089,63224,13488,33436,33530,13952,17370,34652943,55935,32028,6554,31610323,36521,36361853,20267,34604390,52234,35243033,6958,30664985,8230026
18500,90719,65254,13582,33799,32556,12911,17530,35168980,53456,34081,6285,32374285,37206,38427061,20001,33795648,36926,39295968,6928,35224693,8290101
18750,89714,123632,13118,35808,33260,13608,16116,38804627,56884,31512,6328,33933095,38036,39780539,19564,35099074,36632,40141300,7117,29840844,8061744
19000,87965,62942,13219,37700,50411,14889,16429,39257484,59501,36125,6250,32946061,38243,37972965,20897,35783536,36463,38431391,7806,31650287,8369297
19250,89438,62485,13400,36294,125184,13704,15648,35948596,58565,32485,6179,34154202,35833,41034728,20822,35367906,34417,37276010,7367,36128177,8370867
19500,87918,61553,13144,36989,36654,11865,15339,38755133,60891,35758,6437,33564119,37972,39734704,18547,34911921,37024,37776979,7919,38688348,8467723
19750,88547,63618,13179,53387,35322,13250,14924,37804768,55958,37175,6292,34827093,37228,41805656,19515,34528330,38194,38343753,7729,33701733,8523108
20000,88751,64951,14786,65776,33619,13645,14377,38358842,57469,36826,6155,34877475,35776,40779420,19555,36170442,35385,39028735,31790,33935929,8714068
20250,90062,65267,13043,40632,34488,14487,13520,42782819,58426,85262,36305,36161756,37044,41631744,19208,36848071,35676,38036115,5673,37579510,8838240
20500,87747,78966,13238,37518,38183,14166,14493,43733873,59789,33932,6234,35577835,44183,43085822,18302,37533849,36721,41507662,5723,33506161,8866104
20750,90250,63950,13167,36878,37634,13666,15393,39512078,59321,35888,6192,36535849,77436,43462818,19537,36973994,37669,43705547,5895,35290148,9352410
21000,88579,65915,13247,37647,36788,13662,14710,41247724,569098,33754,6445,38743487,43111,43451372,19140,37754479,34018,39805640,5780,38705110,9508955
21250,88654,65635,13234,38321,43934,12396,16212,39647715,50623,36170,6411,36477926,40965,43353838,20511,39414120,35372,40451504,19099,35000377,9868901
21500,89772,83516,13569,39568,36703,12814,14887,42909177,53639,38268,6203,40011723,42241,43770719,19337,38480559,34633,40826014,5783,35592116,9444114
21750,89497,120073,13278,36490,36536,12750,13473,43134917,53780,35830,6135,37605563,41600,44687312,20310,39464536,34080,41035890,5848,37465688,9757619
22000,91418,64688,12736,36456,34339,12530,15338,43552335,57197,38350,6196,38547561,43199,44076795,18751,39439732,38570,45826324,5696,39709464,9395871
22250,89388,64297,12661,36266,35195,14540,14313,45895181,59746,37723,6190,38937561,41309,45978739,19413,41767571,33470,45485532,5648,39070906,9759440
22500,91683,66084,12610,34517,34983,12523,14039,43424592,59409,37095,6182,39482816,42884,48444124,18603,41457095,31705,44453285,5519,40482143,9739506
22750,87942,65272,12749,36840,37338,14442,14315,43475525,60135,38105,6139,39685061,43863,46132490,17839,40691463,35548,45965063,5622,41093847,10251894
23000,89259,63148,12593,40624,34320,12374,15316,48588266,60275,37139,6177,41285684,39469,47169208,20142,41610270,34461,42961493,5892,40923916,10572693
23250,88864,65700,12898,38004,33928,11664,15062,43225863,62656,35868,6196,40099711,45136,48973898,19926,43439496,38116,48085466,5410,45760411,10503505
23500,88030,67016,12728,34819,35687,13778,14151,44231987,62896,38712,6234,40762565,224608,47611984,18660,42113099,34777,50298328,5480,43161231,10524846
23750,89337,67833,13706,37021,34730,14111,13699,45650941,66451,38662,6211,40934432,48791,47298030,19143,42001096,34581,53555121,5463,41991591,11330013
24000,89329,65448,13353,34836,123719,13254,14555,45185742,85429,38154,6404,44012327,57165,47888705,19567,43711879,36473,50002692,5439,42566860,12953285
24250,88466,69057,13246,61877,68398,13388,13993,47565443,65048,38083,6246,41738422,48919,49811572,20119,44600494,35956,53019540,5594,42069511,11072793
24500,87832,68424,13346,35209,37376,14186,14620,46896927,66612,36802,6181,42550446,58239,51978056,19237,46843355,35794,51817183,5612,42033267,10648177
24750,88606,125906,13315,35501,36611,13151,17215,48793048,70802,38643,6230,42591092,92934,51361479,19391,45061386,34505,51675305,5577,42659019,10669353
25000,146520,68241,13473,37287,43176,12871,15030,48525496,80221,38929,6179,43496675,84448,50359274,18797,46650437,36191,52279314,5571,43651659,11147568
25250,93983,68133,13160,36500,34920,14030,15609,48450755,140580,36824,6184,45029509,49808,51454260,19472,44514302,35324,51546670,5475,43497333,12231298
25500,90506,69131,13290,37185,51097,12904,13632,47314180,136950,36865,6239,46445087,56745,50485932,19319,46565438,35108,52401164,5572,42310775,11699801
25750,90624,68576,13253,41888,40605,13823,15585,50075265,131396,41250,6189,43733461,45930,52340303,19347,44172532,33829,49005674,5681,45295110,11359290
26000,92050,70500,13235,36067,37927,12701,14091,52320731,220595,40867,6213,44487671,45094,54907827,20121,45384527,32898,56604964,5647,46103597,12940256
26250,91581,69516,13388,35997,50244,12649,13714,50223247,114491,36342,6176,45310333,59006,54185623,18588,46337198,32582,53573708,5888,47279529,13238019
26500,90860,73813,13265,35385,40799,14392,15438,51306297,89215,39304,6210,47143780,48461,53684658,16386,49317140,35836,55135348,5590,46618997,11648570
26750,154840,132303,13240,36981,96489,12116,16435,50945659,111219,40765,6248,47171322,61537,54977108,20443,51109506,33611,55947881,5543,49373754,11544933
27000,100394,73661,13702,37495,44930,12564,16050,52254109,80480,41308,6408,46595416,52169,55361062,19339,48637982,77234,56858874,5583,52002219,11849114
27250,91364,75485,13539,36719,60244,13303,17228,52805948,85331,42710,6199,46918830,44423,53619106,18964,51776748,35202,52118029,5566,44370236,12272514
27500,91756,172261,13268,35343,36523,13182,16473,53830836,83822,43558,6207,48125615,43740,54160906,19928,48833747,33260,54613764,5427,48122700,12253437
27750,92691,72117,13239,36965,39378,12521,15587,54984096,82271,43804,6349,50408164,46401,55860057,19042,48828592,35882,57033264,5440,55616980,13168490
28000,90554,74239,13293,35598,93118,12437,16281,53766828,84060,42519,6337,48668250,47052,57545747,18966,49821743,34299,53219126,5753,51645792,12225601
28250,94157,74071,13389,36752,39585,12936,15264,53505454,107827,42610,7878,48693595,49386,58394355,17689,50959662,34601,54031739,5552,50587262,12671445
28500,91511,71808,13242,35594,38822,13499,15760,53890102,145457,42081,7810,48675542,49095,57182994,18864,51386678,33451,54800239,5495,50243973,13999325
28750,89069,73554,13221,35939,38252,12595,17197,57414194,84614,41317,7878,50228528,46615,58107914,18111,51064672,32913,64282342,5598,59540739,13345897
29000,90877,71044,13417,36533,36530,12537,16083,60898919,110524,40046,7888,51553703,44283,57863879,17846,52486433,30935,54887113,5267,52594503,14058900
29250,91686,72640,13506,36557,37835,13984,15068,60149965,107168,44391,7836,50246828,44598,58882656,16414,52988046,33920,55624849,5684,60743797,13839057
29500,91544,77233,13259,37542,37214,15272,16578,60498507,95626,42877,59571,50877560,45852,58961004,18225,51660645,35431,59340745,5386,51699505,14092306
29750,89756,76394,13263,36205,35679,14484,16321,58448980,94897,44009,7959,50743932,61852,58949482,18383,53533236,34227,61325899,5508,55862072,13165532
30000,92097,78957,13606,37801,36851,12515,15700,59379488,105355,46068,7831,51310647,49802,61114697,17633,54087074,34882,64765983,5622,53123503,13825228
30250,90538,130242,13529,36231,35315,14203,15710,61458936,82700,43522,7857,52465439,48393,61387754,18544,52972091,32445,63548238,5441,57023728,14071642
30500,91875,75791,13255,37093,36276,13162,17515,64218706,94761,42788,7860,53148507,49059,61574696,19824,53256812,34272,68983653,5645,60763581,14532246
30750,91829,74934,13404,35453,36055,12438,16494,64057781,88382,56844,7863,58811366,45286,60595275,18696,53215694,32533,67999390,5914,57267396,15101355
31000,97850,76588,13285,37922,34543,13599,18331,63491298,89928,44515,7834,57881378,54063,61261633,17712,56322481,33114,58367853,5558,55985989,14140080
31250,92400,78450,13490,34855,36793,11451,16482,63940447,82437,42961,7842,53705807,185996,60759822,17402,56650635,33489,60092411,5572,62258897,13292332
31500,92024,80827,13565,37670,37002,12719,16173,62674639,83125,44063,7857,54379425,50273,64033450,18087,57020359,35253,66586662,6105,55815635,14048328
31750,93323,109426,13301,36338,35486,12588,16623,66179564,83082,43227,7901,53925305,109781,62949066,17554,58149964,36279,69101552,5602,56610085,14036347
32000,90505,77711,13276,33668,35226,12126,17660,65603371,280051,42849,7871,54930762,55476,64152335,17422,56195032,76217,66903965,5758,59963924,13938233
32250,94150,79576,13380,35799,34453,12484,18511,67166162,116745,44734,8017,55237658,65663,65658410,18520,56715222,40759,74107407,5748,57246093,14152712
32500,93279,102654,13351,34871,35820,10761,15733,66126001,83897,43897,7854,55893910,88594,65563633,17954,54408190,38194,61423657,5627,59594162,15937658
32750,90690,133161,13437,34101,34889,12313,15587,65292489,86279,43628,7858,55976349,49737,66464507,17950,56690762,33731,65030899,14467,61330696,16064846
33000,92254,77602,13188,34244,36743,11055,14950,67356659,82723,45769,7822,55768757,51585,65254161,16649,57824322,1060319,63573060,5653,65685121,14758266
33250,91466,76406,13602,35394,40816,11623,14520,71142061,78585,44180,7820,57012169,80518,68252356,16950,58173118,36518,67742375,5925,62336083,14897551
33500,91384,78964,13548,35300,40634,12609,15167,67932393,84165,43686,7797,57662108,76607,67767883,17761,58042649,36169,71633708,6062,67315616,14966057
33750,92366,78217,13380,33609,37518,11655,14765,67685767,258388,43757,8051,57934395,51676,70211300,18428,57750236,86272,71172865,5762,64543192,14579116
34000,91475,76650,13439,34139,35744,12546,14573,72050106,86277,45001,19161,57909980,49183,66366476,19127,58539099,35768,72998703,5400,68548885,14942259
34250,90459,79526,13428,34662,37636,14650,13665,69427954,91076,45648,7982,59008258,87502,69756804,17801,60584119,35062,68209404,5422,68037201,14933848
34500,92050,82538,13597,34243,38888,13303,15499,68252112,80596,45381,7979,59278452,49712,67675595,17738,58817245,55996,69944987,5956,63015243,16980792
34750,91318,79674,13410,35189,39065,11497,17622,72683787,79053,47075,7963,59984763,51420,69934563,18819,61840761,69826,69392189,5692,65044327,15991029
35000,96855,84516,13304,34551,38370,11906,15711,70594893,84867,47655,7837,61546258,47542,69099337,18572,61940336,61215,71766079,5657,62472070,15151253
35250,96082,142524,13368,33921,35412,11588,16884,72636756,79813,50425,7848,60524226,46875,68791091,18469,59537653,39493,70979952,5682,63721674,15160098
35500,95927,79525,13375,35341,35517,12762,16868,70051932,78473,45230,7890,60448431,45946,69679340,17359,60796155,39201,69595555,5582,63995452,15242143
35750,96126,81268,13221,34374,35837,13407,16176,71320082,128109,47714,7835,60335565,48809,71952237,20243,62436640,37268,71208412,5322,61060371,15324021
36000,97406,80805,13412,35494,35764,12109,16564,75055652,88122,46988,7802,60303766,47249,73069963,18423,61255391,35836,76533653,5598,63077958,15529483
36250,96764,80328,13454,35924,36232,11816,17832,75838750,84529,45380,7876,62373879,46305,70331677,18389,65785973,36058,77356987,5591,66678595,15463123
36500,94944,82679,13509,34804,35883,13434,16961,75160083,77692,47388,7865,62274020,42502,79576652,18118,66732122,51894,82870394,5714,63975196,16049467
36750,210188,82235,13348,34736,35321,12071,16708,75894225,82645,47929,7827,62154365,44547,73085350,18165,62174174,37336,84912478,5826,66534057,16181020
37000,130954,83645,13444,35872,34925,12151,17513,72890041,79577,45627,7846,62219617,43178,73055912,18757,62775779,34943,75375833,5734,67662918,16660078
37250,116907,82516,13295,34183,38056,12485,18114,75525341,77092,47119,7904,64480239,46181,73542222,18024,63577998,34303,89852701,5911,71186920,16864971
37500,105772,86989,13394,34281,36027,14702,18116,81309884,84182,49662,8028,63671093,48244,73749619,17995,67653478,60542,78192845,5544,70436377,16332324
37750,130697,89826,13192,33728,34376,13671,31713,79064409,77483,46909,8093,63765176,48989,79915942,18281,67114634,35495,88304456,5597,69995429,16533803
38000,124590,88489,13285,35301,36665,12490,14377,77423985,81422,48382,42177,65880413,48443,75744228,18340,67383095,49403,78834603,5514,70765554,17069516
38250,104792,126618,13339,34471,160653,11039,14423,81222423,79539,46624,7932,64997715,45855,77248902,17699,66676804,40559,75585109,5667,70478583,17632948
38500,103248,84381,13306,34152,38757,12602,15046,80513636,79304,48487,7871,66082925,42782,75507344,19456,67462702,40871,74286994,5926,68684029,17398742
38750,101410,88901,13315,35751,36560,11634,15611,80120005,76869,49335,7839,66084250,43166,78561244,18577,68484880,39955,78587855,5404,74835000,18004348
39000,102784,88099,13318,32861,35858,12529,15281,80304586,78410,52749,7876,65820048,43507,79890766,18296,67005250,40434,84754504,5763,73351013,17436111
39250,101620,89423,13259,35058,36949,12648,13985,79922657,80470,49385,8002,65795593,44387,79353417,19009,70900877,40557,80324066,5574,75639174,18820267
39500,106908,88891,13258,34476,35279,11954,14146,80626629,79308,47201,7848,68629130,40619,78252815,17628,71864111,35668,82927894,5621,74679807,19179687
39750,107662,93250,13440,34537,34899,12213,14951,89433949,77669,45929,7889,66909759,40178,78860796,20727,70616933,35672,88475743,5452,77634545,17555137
40000,101747,98354,13526,34248,34224,10755,14620,89629267,79807,50381,8511,67042975,44276,79985600,18764,69186997,35200,85411506,5628,70242925,17066636
40250,103129,168855,13275,33970,36391,10743,13808,83960279,79841,49126,7840,68877138,42111,81524511,16707,76303573,33334,85976603,5734,74890965,18916227
40500,153197,93614,13387,33821,34267,12083,14380,87256584,75940,48419,7871,69033021,41841,81542674,17688,73010566,32788,88337056,5649,74496928,19516807
40750,125179,91563,13271,34962,35195,11211,15043,86317756,80663,49768,7872,68463284,42191,82133880,20408,70261879,33841,91244240,5647,73444009,19295183
41000,107704,94628,13349,33478,34372,11526,16038,83750165,80004,50329,7855,71396318,43093,87282159,20419,72776759,34301,86108129,5601,75983753,19257948
41250,103863,95067,13298,34054,34828,11217,14276,89464055,79831,49234,7886,69240631,39428,83057090,17896,71389037,32811,91315441,5680,75686219,18408881
41500,106200,106032,13417,33375,37488,12171,15179,87904322,82352,46772,7807,70580395,41194,81854431,19692,71211411,34803,78950589,5804,86239812,18875149
41750,99608,103209,13370,33741,35568,11078,13800,92288753,85397,48470,7834,73550265,41089,83053318,18107,71428613,34170,83129872,5630,83317944,18399464
42000,102983,96748,13425,33769,33351,11656,14183,93526441,77148,49337,8165,72824023,41938,80012462,17862,75101920,34039,88356051,5594,79105693,21825732
42250,105257,154713,13446,31672,34597,12713,15117,87795230,2113677,52434,7882,70937647,42716,85217409,17494,73059040,152829,83654669,5618,77845732,20203640
42500,122189,98507,13227,33523,37257,11579,15024,86716008,54387,50823,7865,77144081,43548,87912617,19179,73444943,36181,81186125,5449,83224332,18821023
42750,105538,98145,13388,32660,33384,10845,15945,87298792,51958,48938,7880,72553722,43837,87536582,19449,73976046,37462,83260845,5595,82916145,18545993
43000,103031,98564,13301,31513,37666,12065,14915,87227522,52320,50833,7839,71169514,44110,84172213,18677,74048381,65134,83734713,5499,84622611,21107352
43250,102059,103725,13223,32573,35278,11716,14964,87750770,49240,52520,7920,72336734,42500,83734532,18712,76236503,72876,89319378,5466,77208364,19520118
43500,103618,100582,13153,31994,34330,11030,16705,88541979,52483,49908,7835,75080127,41991,87961371,17590,75879536,35082,83319664,5835,85424839,21823775
43750,103206,99942,13365,33085,36244,11419,15526,89299964,51671,52932,7837,75566941,43052,88614596,19386,81278789,259766,83304485,5416,86397461,19100669
44000,99848,102225,13367,31817,36334,11419,15599,87934650,50640,52777,7879,73500353,41165,87357129,17409,77284788,38479,92772959,5891,91662372,21753480
44250,102489,134614,13211,32914,34736,13371,15610,93885747,53983,51620,7851,75909669,45994,87913121,18593,76038349,37937,93839400,5535,92619718,22950756
44500,103244,100593,13338,33271,35758,13198,17587,94366610,52023,51349,7861,75384386,42910,88029566,20076,84514783,35695,90806393,5617,89221338,21076472
44750,114622,102569,13847,33833,33375,12977,16461,93224683,50381,49670,7854,75562627,44439,88276898,19240,74830217,42428,91589692,5519,83091951,22376120
45000,101006,107165,13078,34605,32939,12401,16857,95696624,51196,54155,7882,76971731,40739,88435115,17678,79075257,49398,99413542,5453,84490526,21530632
45250,99495,104782,13279,32857,33727,13198,15160,96739038,53093,51339,7853,79630860,39947,88490884,18469,78852590,36071,89068022,5667,90383930,22302534
45500,103208,109468,13216,33897,34791,13090,16107,91400672,52699,50525,7830,77893338,40788,89389458,17962,82156117,49590,86895002,5426,84188557,22345447
45750,101256,107672,13288,32596,35174,13286,14912,93356427,53771,54933,7828,79248444,44686,91698441,18484,80936328,52223,95674374,5621,87408458,22064660
46000,110813,112384,13427,32514,34401,10919,15792,92590815,54275,55338,7871,82100245,42874,91565677,18778,77707469,66971,97247740,5792,95268511,22803671
46250,101894,190104,13460,32176,31690,11401,15429,92488289,52606,56062,7805,79589127,42928,91780222,18317,79730164,34892,96707448,5507,94035451,23222572
46500,102304,108303,13450,31120,30829,12345,14443,93608949,54825,58148,7867,78390070,42664,92024214,17493,81222013,59594,92869771,5555,94681733,22866026
46750,98996,110215,13568,32547,31822,12625,14963,93972281,53874,65087,7822,79726986,43865,91022882,18550,87441035,36265,90580025,5559,97815683,23087479
47000,120355,114790,13421,32578,31353,12694,16016,95518122,49957,61285,7803,79929184,41165,91907036,19089,84935784,34829,96024354,5728,98670176,20545329
47250,101513,115659,13537,32834,33977,11703,14798,97051705,51883,55998,7887,80085918,42701,92166547,20411,85290502,34187,97737174,5449,98908274,20935612
47500,101181,112730,13279,31925,32153,11940,16308,99353373,52347,161527,7798,80268583,41574,94042966,20610,85352219,33493,96926824,5731,100645498,20321100
47750,97654,121872,13491,30606,31020,12516,15655,95803094,51789,44577,7833,80290528,40016,90942584,20744,82410476,33578,97542130,5585,97054762,21267813
48000,117245,124731,13368,32341,34431,13148,14381,107653802,52690,45295,7831,80151803,41897,95311791,18317,86309714,34522,105343235,5687,90508462,22143670
48250,102145,190282,13705,32053,34916,14772,15530,99763890,52004,46914,7821,81601603,45677,92698098,18108,82681717,33652,107544051,5799,84714749,20636063
48500,101566,140878,13231,31734,87828,14210,15829,98800728,54477,45317,7801,81228755,43503,94847075,18317,85702178,33496,106639629,5485,89779686,22921292
48750,105137,144683,13305,31290,34438,14570,16113,98164890,51678,47033,7829,83269390,43630,96596931,15864,85887108,33881,109664131,5813,89543792,22906797
49000,139139,159494,13590,31914,33367,42801,14913,96692428,51082,48197,7876,87008322,39391,99648412,15351,86548931,32584,97666081,5696,97073223,21245296
49250,102284,175924,13301,30294,32250,14373,15640,102175530,52939,47987,7916,83540867,41527,93806124,16964,87636259,34000,104463372,5395,91645644,22975211
49500,102941,136787,13325,30996,32633,12420,16683,101048818,51131,43099,7829,88449379,40995,98719376,15900,85972048,33576,103553008,5663,90891539,24536396
49750,161737,147660,13343,33136,31936,12236,14438,100290528,52505,45755,7827,82779461,39861,95643734,16962,87043275,32841,99849324,5492,100507684,23507803
50000,128142,170185,13519,32553,32595,12691,16558,101233654,50427,45030,7804,84785220,39949,97143587,16735,81141070,33444,112348078,5831,100266984,22646957
50250,117103,169713,13800,29910,28680,14707,17676,101227287,51720,47986,7788,85305110,39676,100556778,17583,85884403,37023,110942865,5454,92272252,23864301
50500,114666,168836,13799,31056,34590,12636,18228,100663159,54364,47670,7802,85619905,39448,97781309,17218,84792628,89389,106528326,5644,100852412,22785800
50750,115795,159670,13862,31432,31300,12091,15652,104157304,52433,49769,7816,85331754,42483,102503673,16067,82215993,77926,112474476,6273,97366990,21926633
51000,118455,143562,13792,31755,32984,14618,16971,104503690,52482,45356,7789,85974588,40562,100430014,16712,82961893,36362,108974658,5737,96497765,26283576
51250,114287,308426,13900,31033,32855,14235,17443,101267556,54247,47439,7770,89201620,42283,102577690,17341,83901073,63626,116302402,5560,95022912,27409772
51500,120412,95487,14091,31328,33777,11990,15382,106996524,55501,46975,7786,86618255,40131,101557133,15744,81751908,36722,102364470,5716,99544974,23332896
51750,125095,93885,13754,31604,33173,13029,17141,103235847,89706,49639,7818,92099854,40866,101300326,17438,84647462,64410,103942246,5426,100093885,22595312
52000,140821,99380,13677,32702,32989,12874,17325,103928632,60054,62295,7807,88705474,44463,100979482,14590,88543392,35294,106671879,5636,95760139,24186856
52250,123129,98489,13998,32020,33102,12574,17373,107419778,59818,49282,7836,87429430,43055,103470695,16841,86501031,35590,103916043,5616,104872351,23974607
52500,121822,97344,14180,32366,31718,13349,16735,106104217,64171,48433,7793,90399162,42821,101894847,16380,86915697,34209,105782151,5689,104897825,25619639
52750,124503,94096,14106,31518,54416,12649,15643,109349158,59750,52344,7812,88345351,40615,102225428,16364,88594572,65188,109096407,5906,97105940,26230194
53000,120908,97477,13959,31562,31643,14067,14999,106742586,63491,46565,7815,92572419,41328,102757203,17934,85489031,35958,102023988,5789,98049128,25004940
53250,121722,98865,13823,28954,42960,12237,14291,107367138,61525,51351,7820,95247150,39536,105145333,17979,86394647,35425,105126182,5357,100782541,23414603
53500,121649,96308,13893,31335,62854,13409,14233,107563941,57761,52167,7794,92492281,42250,104508891,19271,88316839,35694,107189138,5569,99754212,23831531
53750,123996,111398,13871,31950,72422,13871,15165,111568959,62315,121939,7836,92511140,41672,102613645,16708,87450767,35411,107946555,5884,102176090,26505905
54000,117028,100691,14301,30701,34926,12825,15488,110855943,60949,91925,7799,93887741,41678,108887580,16680,86338645,33375,107937570,5990,102331566,24190947
54250,121395,97324,14760,32262,47128,13080,16264,114527586,61193,45352,7856,92338432,40195,106658333,18741,87837250,34957,120133743,6027,101371662,24797762
54500,117320,94926,13964,31324,35276,15254,14648,114307059,62869,45927,7830,97103787,41594,104453615,16331,90361598,35622,107512161,5415,100433833,25012335
54750,139544,97140,14187,29832,32567,11991,16259,112047551,61942,48780,7857,94535831,38551,105667556,17409,95874113,33289,117127396,5603,103649579,24745153
55000,120088,101501,14026,57928,54034,12756,16096,119652291,64429,48076,7815,95148548,41744,109284058,17776,88774315,33560,102723976,5631,101895088,24480200
55250,122893,100107,14178,31614,36181,13092,14789,111892241,66282,47247,7814,94874936,54179,109284655,16175,89280300,33872,103476596,5753,112030818,24836562
55500,122610,103877,14319,31632,34325,13569,16374,113069944,68263,46716,7822,97698094,42059,111468546,17720,92659558,34445,108568167,5610,107698309,27140602
55750,119756,98161,13969,30700,34000,14535,17657,117335325,63229,48829,7850,98375477,38892,107255490,16997,95697216,32424,120233993,5472,110193034,24764563
56000,119333,99650,13836,32453,31364,12894,17406,114394968,63873,44960,7824,100387903,40838,107648113,17194,94648552,32188,116495759,5702,103081122,27008282
56250,118621,100394,13943,29447,28949,12942,17959,117396315,66397,47771,7840,99362528,41433,110753566,16145,87927766,32440,107855777,5503,102928423,26049114
56500,119871,102407,13942,29768,30436,14326,18160,114405341,59383,46202,7816,98889464,64151,110485441,18346,92286873,32186,108056175,5758,116140423,24405890
56750,135859,106700,14120,29923,31522,13676,35782,117357066,66871,52400,7838,98203741,45740,112233203,14798,92892109,32990,117811591,5565,107377512,25932540
57000,125204,100083,14091,30508,33692,11761,16211,122801820,63584,51208,7797,100316155,41627,109228409,16656,91990495,32472,132046570,5328,115615371,25179180
57250,122461,103969,14362,31104,29918,13862,15694,120548730,66694,50093,7840,97872014,41434,110348311,16184,94853089,31717,118955740,5300,120835712,25448567
57500,119682,107366,13959,29106,31081,13559,15929,119681074,65467,46812,7930,101805087,40971,114520733,17061,95466378,31551,110425329,5386,118830438,30529878
57750,119543,105518,14085,29580,30636,14217,15303,121069920,65141,49349,7860,102398851,40077,112700582,17024,97659054,33328,108842808,5646,106660801,27055621
58000,119094,107952,14017,29998,42891,14547,15580,117469757,62064,50858,7839,103046946,43829,118032424,15868,95861213,32960,113587257,5939,109370114,28520412
58250,130256,106771,14127,31529,32249,13737,14137,120280173,67536,50410,7860,99130878,42508,116265944,15608,95862011,32511,111481633,5840,111594368,28396270
58500,138115,110871,13955,29416,33741,12915,16427,121734451,66905,46701,7859,103278342,41875,113359791,16096,98133156,33082,113501010,5606,118721474,29675176
58750,150213,108531,14169,40734,30270,14140,16746,119921118,65699,53744,7862,104422994,43288,114007215,15836,100240509,31275,112951749,5469,128449329,28400345
59000,126976,109752,14053,31959,34762,13767,15185,123062819,67196,50932,7860,102401895,42517,113937609,15611,97367726,32431,119394822,5559,124730716,25343996
59250,120453,112754,13872,33487,31442,13843,14794,124345612,68260,67079,7877,101991597,42641,115485320,16755,96074989,33613,136202965,5710,124231089,28371053
59500,117457,117649,13977,32334,31206,13408,14232,120289614,67938,52222,7838,102489855,43520,114343067,15370,95641709,33770,121504717,5569,114641797,26915578
59750,123315,157639,14121,30072,31299,13647,13831,123799938,134572,102817,7858,108279019,42179,118146952,16732,94506820,32002,114566543,5375,114643380,26370131
60000,122123,116508,13994,28351,31807,12027,15323,122376006,69167,44660,7897,105165924,42085,123332796,17632,101202885,30814,115902478,5418,122815407,26197470
60250,126961,113793,13988,30100,32584,14548,15129,123539697,69259,66577,7811,104456402,43117,117412472,16479,104451911,32095,127010940,5616,119252799,28207862
60500,138580,114503,13974,29858,31025,14446,15204,124383418,68557,49729,7861,105498980,45410,121544695,15206,99117189,32393,136820848,5799,119979931,28044305
60750,122524,112662,14237,29931,30883,13682,16109,124916152,67167,48270,7856,104906749,40890,123371379,15024,98221818,31194,123223047,7985,110070651,28160512
61000,120819,111815,13859,28508,29581,12871,14076,128309494,64494,47771,7846,105283751,41717,119376305,16254,104310494,30427,124996882,5790,119928257,27865503
61250,121607,112478,13917,29682,32581,14074,15033,130399994,70342,48504,7872,108894319,43380,115278378,15765,106079911,31133,127215839,5677,122698565,28407490
61500,118978,113363,13953,30392,34184,14308,15254,126750570,69967,47250,7883,107963914,43982,120281525,15715,103825456,32940,130190258,5472,126685585,32358693
61750,119112,115101,13917,30308,31286,13438,15767,126645369,64423,46297,7842,110291940,43135,119754683,15425,103105268,32797,127306992,5543,125374248,27935799
62000,119709,118728,13844,30248,31712,15801,15304,128106751,66695,49966,7842,108687830,42338,115918371,14561,100096571,31737,121586686,5715,117958674,28936540
62250,129340,121333,13971,30972,30681,14158,15055,132434692,69970,52810,7832,110658767,41882,122837373,16623,99711961,31086,123873799,5470,119312255,28477352
62500,122301,119730,13861,28117,30778,12912,16865,130425505,68005,59458,7836,113293226,39210,122298613,15260,101145325,28262,123474077,5579,116161101,30349720
62750,119428,118479,13837,29586,30809,13221,15228,133799135,68622,52988,7828,109370477,41135,120156010,15973,107158591,32547,124853709,5404,122052641,28214161
63000,119111,124267,14041,28954,28429,12123,16826,134963212,66099,58341,7884,107787063,41325,121123922,15779,107602428,33010,147287363,5443,127644621,28334775
63250,115167,120388,14095,28893,30698,14195,15234,133922907,68257,54174,7843,113040448,39158,119071342,14849,103032828,32335,131539711,5677,132996590,28338185
63500,119570,124032,13947,30165,32704,14316,15287,131761248,71963,58815,7838,112323148,43004,118001798,15397,109186300,33637,137485498,5591,130013498,30302726
63750,119779,124460,14446,28222,31017,14431,14868,133855726,72104,110994,7851,114731008,42892,119501179,15773,105001983,42243,131724059,29087,126648678,28210127
64000,118923,124274,14001,29674,30112,14501,16349,132542765,69172,52071,7828,112550476,46766,124882307,15386,102603636,37677,138121615,5586,121262724,29168138
64250,131084,125722,13952,29646,29004,13506,17466,136144259,201183,57352,7896,111777464,43724,122097271,14866,106206436,38615,145624425,5505,123773833,29827941
64500,124804,129476,13811,28948,29986,13759,16035,133227305,79057,52941,7834,114419146,40204,121813343,15739,107481268,37167,127644677,5493,129991188,30453830
64750,118479,131156,13864,28246,27853,14243,15110,137115127,75476,55130,7861,115199027,38718,126045876,16535,105953296,37739,138954094,5656,128617902,28999593
65000,121856,132724,13947,27748,29410,13474,15362,142353893,74419,53493,7872,111161110,43073,125942736,14369,105885474,36439,138753214,5865,130772424,31648111
65250,115165,128845,14101,27621,28178,12973,13735,134825344,76469,56597,7841,114528708,40053,122723496,16092,105766089,36596,138033604,5385,122244909,29338270
65500,118207,138102,14015,29770,31118,15041,15036,136672978,82895,57972,8032,115970911,42846,124245829,15326,109727530,36954,133544031,5632,138901734,31383150
65750,117416,129737,13993,28794,31520,15940,15180,138074024,78853,58347,7868,119148706,43595,128000156,14914,106861283,1882162,134846632,5554,131484067,31821066
66000,128601,136988,14046,29104,30405,12939,13156,141355279,83685,60259,7832,118778974,42422,129121010,12517,113472723,37834,134534944,5383,126478495,32286802
66250,117061,166479,13991,27104,30904,12951,13971,136427458,81272,56036,7854,118557778,42109,131333869,16161,109566762,37093,128444558,5397,121594945,32435796
66500,117127,147939,13755,27223,27978,14026,13571,138172069,252947,58590,7836,118048444,39880,127648393,14808,108596628,36901,135665616,5490,127741220,28657986
66750,116758,142606,13954,27974,28065,16406,15225,139335247,134147,58076,7846,118409754,42032,129821185,14461,107769203,36417,134041991,5547,144462187,32430558
67000,131129,143050,13885,29254,31466,13808,15197,144673102,91349,59919,7860,120325491,43783,135095924,16920,110367345,38403,141006696,5534,134680649,31812298
67250,117776,135781,13842,28153,32677,15131,16087,143148204,89966,113393,7865,117857449,44117,127188635,14927,108173899,36502,131357136,5427,132055286,29917932
67500,113519,143794,13994,26838,29077,14471,15496,138913237,87795,55862,7881,117552013,38907,128390224,15275,119358207,34605,128404858,5405,130583155,32877113
67750,146588,143126,14118,26768,31016,13156,15394,138322034,86474,58627,8052,119752039,42816,129164518,17105,119508991,35013,134346521,5511,130201787,33468955
68000,122213,142003,13710,27273,30141,15544,16022,146869502,86598,59105,7843,122219409,39890,134578893,15909,116421247,34949,143855889,5507,128507732,33248359
68250,114716,144791,13808,26227,29512,13539,16362,142289573,89367,58483,7812,125559324,39697,130300891,16556,120673631,34528,135192715,5571,134238161,31335135
68500,115726,142716,13935,27426,31257,13647,14703,152135082,88702,57086,7848,119509760,43085,132647873,15178,114947069,45291,136795726,5620,134680691,30414200
68750,114751,147145,14303,27128,30641,15160,13731,139448090,84224,60168,8039,123960127,41872,155696856,16943,116063751,36700,143731534,5661,128441111,31000310
69000,127877,146167,13948,26407,27754,12710,14677,139490903,91982,61556,7889,124573439,42180,132069149,15956,115444053,32491,142608778,5701,136596817,30362686
69250,118575,141267,13765,27509,29701,12789,14559,141600110,89848,63067,7823,124589739,59729,132482144,16965,114075115,34279,144414439,5827,137699281,33491626
69500,114385,147276,13802,26743,27972,13513,15284,150699793,327131,109918,7879,122396336,53929,132433622,15995,114454959,34376,136179412,5530,141276375,30320621
69750,115190,151105,14609,27265,29367,14699,14535,145574479,97484,61938,7860,126548387,55516,136598612,15875,122764199,35052,134886193,5558,138387965,32847260
70000,117183,150548,13831,26967,27924,15453,14565,144657051,89859,57501,7854,125433572,57996,134992371,15293,121411820,34781,136361175,5590,131600585,34770167
70250,128564,151188,14054,26217,28188,15035,13150,147571387,105831,77643,7867,130130976,72154,133723920,14358,120522865,35906,163872723,5453,135701747,34559675
70500,117572,150197,13940,26100,28470,14826,13961,149176252,91491,114372,8056,125826272,69157,136884477,15540,120959776,37489,148937072,5525,145804567,31226696
70750,110528,144720,13937,26574,26144,12307,14262,151602786,114205,60183,7983,151660083,55192,132869525,17015,120360329,35491,165441623,5398,143137236,30668780
71000,173909,154005,14173,26811,27949,13358,15078,149630336,91049,61911,7905,135390259,52487,135174714,16115,122662808,34485,177194787,5498,135614591,34331759
71250,122705,141859,14163,27582,29471,13667,14292,153313885,90781,64248,7838,130293793,48555,134203871,18645,122509381,36292,168223059,5381,140566460,30997091
71500,120110,148342,14451,26815,28603,12658,16509,148433743,92535,61589,7842,130887936,49805,137567000,14887,116756236,35309,145149866,5483,144328770,32475936
71750,117834,155630,15003,26380,27785,14633,14039,155030436,93585,65365,7823,129409455,49913,141614213,16194,123537727,34160,148923801,5636,142046506,36220274
72000,113900,155162,14142,25912,28761,13444,15773,152273500,94435,62435,7816,127121382,47740,134716338,15975,119990569,34179,147545130,5354,140005071,31859002
72250,110406,150089,14207,25638,30012,13091,15928,149378141,98542,63583,7898,128392877,49246,141254856,15219,125820798,33613,158964146,5623,150835348,32983425
72500,114281,152040,14458,27325,32461,13924,15828,153820260,94577,64493,7835,130474430,47868,139402699,17070,126115045,35024,158050738,5580,150971000,35759723
72750,118494,152192,13986,26867,31416,11376,14669,153634560,96250,62982,7948,132179196,47796,136805973,17079,120706734,35643,153267391,5323,144112811,32748423
73000,111327,156621,14597,24683,29854,14038,15514,154300136,92496,69578,87253,128923032,47250,143607428,17090,120927799,31751,149224005,5436,148051282,33834434
73250,112804,155339,14822,26858,32068,13369,16972,157840262,106333,65326,7843,132052189,49038,141068748,19029,122098403,35444,148481543,5476,138371818,34268871
73500,112096,158661,14509,24422,30447,13851,14805,161849136,95247,121314,7833,130594971,46850,143950494,18833,122576503,34952,154761406,5406,147552792,35983494
73750,115166,160091,14449,24226,32504,12374,14513,157388702,92493,63689,7840,139578181,47540,141550977,18290,126732701,34779,154231613,5586,141149693,34941360
74000,116729,162752,14508,25648,31205,12600,14467,159781065,101449,66125,7834,151116396,47829,143350740,16053,124430029,34388,159854358,5571,139279423,38080940
74250,114809,162585,14468,25348,31829,14013,12985,160072698,96154,65816,7838,141049332,46193,144028395,16402,131206806,33427,148125204,5623,143283675,33992847
74500,120502,160378,14372,24968,30350,14942,14783,161051582,99280,66608,8079,135688051,48853,142045694,17830,125762265,33470,161581098,5499,155928135,37597841
74750,119060,170146,14593,23644,31248,12847,14020,159622536,97785,72437,8004,142050331,48126,144077834,17826,127648808,33449,156674689,5684,150502608,35001288
75000,115246,168080,14634,25155,31835,12868,15286,161754957,96168,66037,7850,134841642,47911,143918435,17564,125528676,33638,149004301,5469,142523080,34052451
75250,113298,170570,14586,25010,31431,13382,14713,159957404,97826,69419,7868,138241971,46795,147416582,20818,134768823,34177,153096886,5532,154873858,32545938
75500,115479,169020,14572,25581,30214,12205,15728,157704438,95333,67637,7873,139615538,48192,143492626,20903,130303965,32507,161315700,5428,151432343,33202445
75750,114381,174919,14933,25576,28562,13462,15630,168425147,87952,67797,7828,139422066,44140,151545171,21857,154548461,33054,159757009,5445,157408036,33264064
76000,118128,212158,14958,27104,32297,14445,14991,168248494,95577,68784,7859,136477453,46024,154235177,17732,133349502,33623,155051407,5384,150033738,35371524
76250,118580,183482,15229,26486,29924,14069,16848,166007144,94942,72019,7852,145186732,46745,148517081,17604,133245615,33743,158345419,5384,165006891,35428646
76500,115576,247928,15363,26703,31185,14527,13911,168197097,91955,130498,8093,138521864,49689,153415710,18882,132559020,34014,150272823,5565,158352744,35813357
76750,116638,176930,14944,26085,30313,13969,14539,167886749,94456,92021,7833,144556696,47711,149221827,19443,131247694,34477,156814010,5640,150547205,36185817
77000,114886,181323,14975,26550,31888,13275,14337,164347601,95509,89297,7959,143190959,47573,155132722,31008,135243380,34375,174578850,5402,154298166,33543563
77250,113413,315553,15135,26373,31321,14219,14429,168595144,93716,66583,7848,138961464,52591,156390967,17673,133579179,32715,190086076,5450,157623657,37349906
77500,113348,172410,14983,25449,29589,13043,14804,168469530,94351,70037,7823,145090383,50184,155713453,18441,132237405,32585,166589770,5508,164259146,35940761
77750,112016,182338,15044,26612,32447,13458,13470,168237074,108245,70808,7835,151661939,52795,150835693,17807,137339696,33488,156676048,5477,153446828,38077414
78000,114634,389072,15049,25720,31031,14233,14402,169351358,110126,75651,7821,141956252,49329,150105431,18349,132962571,33447,152913478,5426,167769518,34860413
78250,115249,184876,15032,23953,30543,15266,13901,179391770,95800,106580,7819,145058208,50353,153424533,16570,138014233,33571,173460815,5424,164074380,39899045
78500,116506,160686,14977,24322,29530,14521,13061,169744621,92685,94252,7983,140346302,46660,161373599,17299,133534813,32421,166716365,5384,156382442,38718030
78750,112524,155400,15947,24667,30769,13951,13809,174345438,89332,67602,7873,149928371,47459,153947904,17507,157036035,33071,166852908,5644,154983342,38304563
79000,113346,171389,15113,24717,32029,14210,14604,179050206,91219,104565,7833,143027380,47971,152059629,17342,141682648,325735,170416356,5526,170466115,36742981
79250,113433,391490,15017,24503,29350,13057,15326,172394217,103535,93926,8221,151128880,45726,155581419,17107,138056006,31985,167228127,5368,166315531,35617777
79500,112453,144380,15079,24003,29188,16292,12843,181675451,97447,94383,7867,147091813,46204,156766713,17186,147643118,32449,153825633,5528,163338244,40331135
79750,114371,143187,15360,24070,32478,14094,15470,173712867,94757,53654,7901,145962222,47039,157912760,17130,148955582,32571,161933153,5416,167212870,38528428
80000,111933,149129,14968,25414,29520,13716,14141,180974796,87727,54200,7958,148724371,44600,154380153,17359,159917539,33281,183292404,5375,153050227,39951481
80250,114653,242332,15133,25998,30371,14690,15597,178676887,98944,63403,7882,150146172,48415,158186834,16822,148602749,33088,185886382,5444,153795031,40612936
80500,110753,145281,14967,23840,29963,13542,13589,178070049,87946,50208,7833,149784218,45175,162274181,16856,136026302,32091,186032425,5410,166726098,38078955
80750,110503,143566,15065,26467,29245,13576,15905,177659231,88436,51231,8053,154891490,47461,160644072,19116,141942902,32891,173854881,5413,159720619,39684989
81000,113180,147329,14898,25336,27531,13598,14908,187047021,95174,54370,7917,156199063,49559,156374105,18836,147742030,32428,165243353,5450,167764672,40307056
81250,111469,146118,14922,25246,30126,15433,14383,176387086,90916,50899,7814,154837178,46361,158903622,17599,150343826,33491,168055035,5738,164494694,40587950
81500,111851,146308,14989,26172,28203,13737,14069,178963012,104386,54059,7834,155618594,45749,159168799,16869,147843137,31712,188861140,5457,157959758,37126365
81750,296894,145382,14961,27717,28411,16266,13648,186674502,97285,53496,7819,151608244,48652,165844327,19926,146648333,33061,168523281,5420,164159970,35397840
82000,151938,144216,15012,25733,26087,14745,14914,190750007,94143,50119,7831,149488723,46115,159934353,19750,141671929,33812,166177136,5367,178656422,39372236
82250,145069,142803,15094,25548,27109,15533,15039,195056870,90310,53076,7868,150850465,69995,161235822,20323,147162137,31483,169407767,5499,163734485,38714360
82500,154945,151937,15005,24261,29787,16443,14464,190919892,91078,53361,7805,156403744,72017,160235626,19332,148236468,31917,173552147,5446,170518208,36121709
82750,148326,148119,14931,26209,28887,15543,14590,197257148,91951,59485,7815,157334504,56610,163424255,19379,142586481,30512,178280251,5452,167486905,40059421
83000,158586,143151,14871,26026,30167,14333,15783,193997408,93117,48902,7835,157013960,50815,162137111,19323,150101411,30202,173656689,5337,179146987,39300052
83250,146304,143833,15006,25823,29134,15690,16238,192339678,93506,49098,8067,158715022,67049,164827593,19357,151800247,31337,178941436,5427,175166605,41006795
83500,146614,141771,14859,24802,29200,16375,15895,211444525,98177,51958,7879,157028702,51460,166137544,21038,164050869,31418,178123482,5329,168346938,41237143
83750,147246,142853,15112,25108,28248,15314,15491,183545230,91409,54341,7842,168146521,50378,160751675,18590,146328120,30475,171879128,5486,169492894,39711784
84000,143305,148027,15096,24708,28271,12276,16474,178484950,101775,52109,7802,168144954,52110,167422358,19508,148554627,30959,173024020,5387,168061117,41427119
84250,146811,151209,15282,23479,29644,13369,13851,183140630,90604,52516,7856,164819911,47761,162326867,18748,148367174,31570,179581618,5435,163926391,36685101
84500,153744,152577,16289,24024,27116,14921,14218,197246202,88468,51927,7847,164313627,50468,169816177,19092,150551371,31296,176028734,5674,172633599,37703662
84750,233267,151069,16622,24905,27137,13822,14522,186439393,91756,50214,7815,165026829,49545,172337672,18386,153800872,30604,171296875,5449,163537584,38396334
85000,156020,145666,16450,24505,28710,11624,14631,190894135,89796,54921,7840,159643521,46634,168744498,20815,148773234,30001,176734539,5527,167999866,38628518
85250,153605,143008,16377,25007,57160,14265,13990,185526119,6098290,52243,8116,161707373,51698,163979041,19565,157395842,30507,175110813,5484,185506867,38040029
85500,146393,141732,16256,23751,32954,12421,14806,190285629,62768,54976,7590,167037188,44713,172316298,19199,152385051,29486,180026549,5515,183768157,37809646
85750,148899,143845,17102,23993,33205,15058,17343,190848475,59925,52093,7574,160418942,48145,166545223,20016,153285578,30871,202108798,5351,176791392,40239224
86000,186674,151197,16300,25805,30398,14681,14605,192011403,61826,52594,7370,164036591,70933,166825732,18957,155082894,30152,177900975,5495,165999873,39168658
86250,148028,150451,16555,23407,30350,13729,17161,203202230,61717,49233,6159,168412802,53645,177064721,19085,166357998,30421,177861242,5402,172494802,40703617
86500,146313,158844,16572,23141,31552,14098,14441,185783420,60083,49444,6212,162889135,52746,175707771,19978,160504346,31372,179265707,5487,186914156,40802345
86750,144720,149572,16508,23795,32592,12518,15837,199349293,60710,51538,6164,171952320,54163,173559324,20761,158771648,30533,172601583,5457,182902546,43185215
87000,176204,162639,16652,23059,32517,13776,15812,204424755,58366,51193,6231,166355041,50537,175665150,20505,165390272,30152,182780679,5536,179625104,41213619
87250,146837,152934,16502,24742,30189,15473,15598,195328538,59486,49724,6147,173816385,52814,171173952,21353,162002766,31556,189993708,5562,183319891,41320117
87500,144056,149363,16536,24140,33186,15078,16878,198124648,58771,50480,6176,164069943,53092,172930744,20010,156545612,31866,184007313,5605,169135169,41107363
87750,144892,151791,16487,24046,30765,15676,15938,190245880,60887,50597,6223,170001459,51541,173038152,21148,163793677,29962,183958562,5508,179410615,45049491
88000,152439,154505,16262,22500,34366,12542,15736,204701081,58823,50602,6202,172868308,52125,175454173,20876,165852991,31145,185801779,5286,168975391,42504410
88250,141391,151381,16438,23078,32150,14535,15170,201061333,58311,48126,6163,169468995,50247,176653098,21127,163770421,29315,180565556,5463,195895211,42216393
88500,160030,153416,16386,24040,31064,15028,16049,195958250,59562,53937,6200,171146766,52362,180816506,20524,163303157,29226,180820135,5796,181629512,38232914
88750,145342,157845,16650,22839,31797,14823,15151,202386547,62598,61629,6178,178331502,49522,180932037,21348,166188731,31004,181733419,5557,176219816,40574400
89000,141661,152726,16790,24185,31195,14359,15857,200220198,60853,49729,6241,175102520,46668,173799701,20294,163683490,30045,182619012,5681,180448217,39370214
89250,152162,158088,16663,24741,34136,14028,14334,218046348,61081,52563,6160,180355550,49257,185445897,20509,164636843,30413,171157518,5612,189526236,40543144
89500,141860,157487,16488,25430,32276,13398,14926,218158024,59882,55645,6174,174842047,49121,181192227,20146,178434555,31290,185511210,5376,195809859,41144533
89750,145388,162730,16633,24452,31585,15426,15213,207928980,57306,53523,6207,183196898,103450,184951582,21167,166158247,29505,187248802,5612,186521569,43146963
90000,141827,182969,16836,49922,33231,13314,16005,206557451,62092,51317,6181,186319330,47809,182372539,23996,169693988,28842,184429165,5476,182171905,40908766
90250,149510,167516,16616,25905,34283,14621,16484,203445429,57544,54002,6194,178259347,51921,177243002,23349,168767604,28992,184525647,5870,185161724,41765970
90500,161958,164525,16431,32021,35442,12579,16420,213274559,60203,52831,6198,181081580,47612,183507900,23159,180330167,28932,174513554,5666,185915596,40112736
90750,147948,172175,16939,34868,34173,13580,15964,215409241,64525,49238,6187,173079052,223511,177041567,21507,176600767,27510,185507238,5451,184892224,39920739
91000,175836,212364,16375,37684,36360,15330,12439,209280700,60658,52572,6223,181135742,87650,181507811,21333,181697590,27857,181889978,5504,189100705,40464310
91250,164808,166017,16465,37625,35235,15385,14304,207420979,90424,53690,6296,177898504,60239,184870030,21817,173711132,26758,194163795,5490,186537187,41984597
91500,159980,164748,16359,41318,34310,13564,16512,209025768,69506,52416,6196,189626902,91486,207760819,24232,173193970,28567,188720542,5582,193151067,42046079
91750,154326,163823,16310,32409,32742,13868,14467,205809825,72417,54397,6225,179619883,73258,189127713,22564,181339495,29401,178602278,5508,200050170,40038973
92000,157219,162656,17823,31230,34838,14684,14359,223263809,75843,54214,6176,193483679,57395,182594831,21244,172081804,28678,176944383,5622,194580831,41307707
92250,155162,168925,17361,32289,34692,12007,15444,221315810,79383,54958,6188,188218952,65968,192477674,23157,183931732,28012,183675413,5551,189720515,43375160
92500,171003,168554,16807,32294,35466,13773,15988,217694524,73785,54886,6196,183929353,138146,194839158,23474,173953000,29477,181984255,5414,191358691,41299357
92750,161173,174277,17089,32547,33977,14551,15787,213692559,72387,67485,6201,192658114,80990,187861973,23617,188994404,28449,179215613,5537,185379129,45592315
93000,148612,169300,16540,36886,34273,13007,15207,223243669,68607,55356,6157,189309261,131173,185031372,21824,174775154,27621,186818940,5250,205485697,46261662
93250,152546,161519,17050,29579,36214,15718,14763,220893035,71424,57331,6168,181637003,139475,189484195,22005,181789137,27738,187010983,5426,201121285,42500064
93500,156164,167904,16823,31011,35395,14459,15283,220127157,72183,52278,6226,189458533,72035,194770025,23114,179406544,27829,196647162,5982,197560093,44233455
93750,146580,178929,16549,30763,36173,15877,14915,222015547,74528,54178,6191,195030485,57457,188540403,20641,190938870,28626,197807287,5663,180506086,42712410
94000,162257,169189,27479,32087,40031,14477,16391,232656562,78778,58331,6176,189582579,66892,195612547,22212,183254970,29591,194053573,5393,205928846,43749658
94250,154210,166284,16963,36776,36310,14736,13924,228826261,73909,53507,6176,191745768,54770,189129250,23573,192530158,27424,204694100,5491,181585051,44128531
94500,152132,180364,16481,32396,35912,15841,14118,230570865,76056,57334,6279,187855813,110330,204078877,25192,188340211,28877,194346051,5637,188857137,46775636
94750,155122,172615,16301,31164,42944,13778,14703,227015969,100220,66111,6132,199835263,74812,192391662,23145,182943311,27956,212377176,5555,193778632,47524871
95000,148175,225045,16686,31490,38532,14603,14583,219748816,81455,52570,6187,193274152,57292,190087024,23948,192506561,26182,214273284,5501,192147651,45224192
95250,152237,145201,17237,30158,39696,14435,14258,231955147,86154,55752,6175,191925947,106038,193498255,23526,189718298,26556,197319847,5778,195170800,42955303
95500,165629,150671,16531,31564,39979,14945,16036,240234573,87370,55502,6196,210435651,58787,194546928,23381,191605232,28959,192336626,5567,182768769,45903596
95750,153092,317088,16465,36584,37668,14840,16645,228017099,78232,55956,6241,196013088,55795,200707268,24437,188669257,27457,204404238,5840,188895136,41956739
96000,153035,137584,16689,31419,41213,16406,16255,229603700,109532,57766,6208,188008820,53210,192371140,26213,185689764,27750,201144111,5514,191286750,47255420
96250,148899,139904,16351,31646,43844,13040,14664,227258141,84717,56845,6166,200264690,54672,190773072,24241,198944343,28579,205129003,5620,183224841,43252612
96500,150088,140339,16373,29484,40628,14339,14834,238393259,78716,71096,6187,198852211,53774,200807302,25345,195122740,27512,199012246,5393,187901990,44008789
96750,150918,142007,16774,31913,43398,15037,13738,236955781,85898,59168,6167,207335816,50003,190642375,25649,183605319,27779,200788297,5538,191337907,42273935
97000,195681,140933,16370,35911,37111,15800,13422,231776727,81974,58010,6183,192531851,52420,205816363,28614,188013319,25434,199237243,5515,198926774,44648632
97250,187967,144049,23234,31531,41502,16477,16084,248892412,81767,56976,6189,203781158,50903,194272511,25015,197269203,27064,192182670,5622,203483856,47585035
97500,160991,144614,16676,29479,39803,15380,15606,238282032,82675,55991,6180,205197445,48399,211884289,25063,194208692,26815,199528243,5488,192619668,43305784
97750,157910,141606,16581,30756,40612,14917,14710,245457635,81869,60353,6166,199078287,51787,201787175,25607,207862200,26383,195649808,5475,207704504,45428939
98000,158174,150553,16662,30540,40143,16939,15596,243696498,76647,57120,6177,207333953,49285,200412253,26597,191989578,27293,207766624,5368,220414383,47707173
98250,169943,149819,17229,29750,76962,15014,15326,255056190,80898,76653,6185,205871944,51240,210872411,27265,203233749,26834,205101555,5348,202950450,43649991
98500,160923,161816,16821,38383,49216,14570,15311,251405611,82683,60118,6171,200580469,49144,220029354,26406,195962428,27106,199955672,5494,205929229,43661167
98750,157073,154742,16440,30169,48324,13815,14347,254290830,78671,60360,6193,197863449,47029,204910739,23696,189367538,25616,204618440,5479,194307269,44382640
99000,163625,164961,16343,30903,45943,14561,14886,241656644,79955,60397,6204,213163636,45469,205315731,25923,204579240,25928,199108852,5639,196108933,44877982
99250,156284,195492,16614,30512,46357,15016,15535,242566625,79822,60501,6208,211264734,50572,206291569,23943,199198870,327494,208685574,5384,192826231,48211321
99500,156889,152041,16716,28903,48690,15229,14355,247255587,88722,62384,6164,196590233,55086,209991902,27891,206022303,31561,199290410,5508,195049483,48253175
99750,172653,333390,16960,37636,108539,16893,13814,258672977,78661,57763,6137,212300241,52911,256329778,27329,206049732,28203,203822776,5385,193589141,45707262
100000,156323,162105,16966,30531,48056,15693,14402,242630171,87822,60907,6187,206049178,45552,203807521,24465,204196566,29005,217088819,5211,206183983,43709154
100250,161800,191119,16430,30713,50163,14008,14070,246428125,82426,61001,6190,215252648,47089,212183136,25882,212119199,27542,226246642,5345,204028795,46943337
100500,184050,145464,16591,28311,60723,14458,14942,261665689,109533,59545,6191,206359457,45794,209647536,25891,202085889,28051,219998572,5327,208358242,46679509
100750,158527,147798,16661,30408,47939,15872,14738,256400552,83884,68098,6171,210326062,46044,205223155,27674,207824407,27771,201159895,5328,217770125,46765321
101000,180256,150771,16490,31004,49516,16394,14619,256979567,82687,66645,6177,205997990,47780,213712489,25635,204496462,29352,207334380,6332,210612966,47462013
101250,165003,150638,17452,38582,43884,16651,15080,253913500,83862,65304,6156,220922121,44307,213447202,25658,216343047,28380,218586919,5654,206080658,45139080
101500,153904,168615,16638,34989,47968,15746,13756,254613907,82588,63259,6207,214904093,46742,213026938,24243,223961051,28434,221399838,5573,210484505,50902486
101750,154352,192512,17412,30291,60673,16944,14748,268946064,80516,75261,6183,213888194,48890,218475701,23892,210727285,27418,208013197,5550,228463585,45086942
102000,169981,140309,16459,46357,39993,16486,13944,252712617,82102,60920,6308,206992385,67279,213705372,24487,216819951,28468,205570962,5575,209598291,47897304
102250,161572,135658,16790,30670,40621,17017,14632,252953457,84868,63293,6153,221218760,47752,223133212,24727,217982250,26795,225179885,5674,216154941,50002678
102500,151046,149820,17442,35924,42285,14943,14875,263754485,80063,64766,6195,215847760,43061,218973167,26535,224404251,27251,212967303,5580,215373843,49834208
102750,155340,162470,16470,31297,38295,17983,13669,266856810,82699,64303,6202,214507598,43006,214596993,28120,228708960,26020,204711488,5525,232853420,51559862
103000,150249,321416,17285,28440,47303,16345,15996,262394432,78877,64779,6183,216271381,42790,224962659,29946,233230434,26940,207087830,5292,222439730,47850122
103250,153039,142727,16770,31025,36455,15207,14700,270117976,84567,65706,6220,212956113,38767,214904270,34342,219615025,25552,212204127,5436,222151385,48211427
103500,175803,147202,16811,29556,40322,13179,14838,277363412,86875,68473,6231,207822167,36162,219626261,38908,222439700,26004,212074327,5669,215456769,52644991
103750,155797,143382,17178,29547,38936,11584,14298,258105125,81029,70450,6177,219958916,46774,223560912,35767,237628437,26188,215299703,5424,222873547,51156007
104000,158311,153054,16843,37344,40634,10470,13031,264098862,85247,77774,6171,209419601,37146,232095060,29651,224488327,25569,215701716,5409,225237650,51796709
104250,156035,210894,30181,28638,45045,11275,13151,270425687,78625,87683,6256,213100587,34629,222782877,34993,217473319,26035,209234121,5360,242720992,49979643
104500,71134,96869,7914,13253,18776,5579,8382,135387472,36613,39630,2885,98964924,16334,112889349,11731,108955592,11870,101154689,3305,110680112,24501340

